feature_1,feature_2,feature_3,feature_4,feature_5,category_1,target
109.93428306022466,118.52355095063282,127.98710873172004,115.56722152333276,86.49643450051236,A,-63.30266125728866
97.2347139765763,138.1883328094026,118.49267365825537,88.97628567342933,97.10962658568964,C,-36.79772337213805
112.95377076201385,72.02864852361718,101.19260739840348,83.63602233155386,84.15160158000077,D,-80.26608102420454
130.46059712816052,111.25938473381142,87.06126444588853,99.93251085178096,93.8407694072192,C,-44.638384760237955
95.31693250553329,86.98714861756346,113.96446627227179,96.59630754950143,62.12770666092429,C,-76.40095123956134
95.3172608610164,90.25749232470608,107.86970770843499,90.9354390134545,104.26587414745877,D,-97.52540631973845
131.58425631014782,88.15212151522262,117.90386440055465,113.92774894913431,100.02410950724449,A,-101.63221254135611
115.34869458305818,82.72018460640368,112.70343603363939,119.10610417141021,83.65822737863618,A,-98.50221671680971
90.61051228130096,100.97043255889653,120.9910543063867,101.76813772583695,113.1849133686481,D,-96.29562229242423
110.8512008717193,83.38099767177924,89.29529576878863,129.55060162110524,118.75140275253116,D,-85.30382263438116
90.73164614375075,105.40913651559677,126.34788131268651,77.1662177173299,67.84880271262051,D,-58.87953293468033
90.68540492859486,98.99523781101726,103.95199209384799,96.12681081440564,84.74550442867572,C,-69.3890633971643
104.83924543132068,95.2210390626718,141.5052174525053,85.66355358794391,84.61715300425404,D,-96.90948280322732
61.73439510684404,81.84872675916804,86.21624363820864,62.6692676585388,81.20193797782271,B,-55.110512777316536
65.50164334973934,88.46457338863334,134.719276063305,98.34638628314602,116.58949683863497,C,-136.0072426334815
88.75424941518054,115.10782451651512,103.95821566925295,97.56504983233432,96.12347722454393,A,-48.72345473800219
79.74337759331152,110.01834375248761,86.97163992771104,130.26899486484263,94.70970317378779,A,-47.55481557094365
106.28494665190547,,90.32228331891356,112.61623369109554,59.92275271186493,A,-47.25840605417075
81.83951848957578,101.98664610858452,93.5930538361136,79.51626351341591,112.70836060418452,C,-67.69547597388444
71.75392597329417,115.02774246743579,108.48331892803833,137.08185132668376,75.21483210293056,B,-56.49164802236763
129.31297537843108,66.61189437757257,110.45670976071,124.42067391050706,101.19865260532657,D,-105.44011203529291
95.4844739902693,110.8672038475987,88.52599992122842,111.64195406937232,105.54753875916383,D,-50.72207138936011
101.35056409375848,86.74752482108306,99.51290815478035,95.47031802300336,127.21317191677302,A,-89.8141404680745
71.50503627573087,111.41197337186318,142.8454071722373,80.81121526553041,73.82359201761776,A,-65.48592692845904
89.11234550949635,84.73481686914967,134.55086340201422,92.55586447857894,39.60975688358349,C,-72.81346240806792
102.21845179419732,63.90235798670962,108.72647339348065,121.77497239408372,103.6769908950739,B,-105.95928229910861
76.98012845155395,67.44915124233674,100.760069563364,137.69172611869217,136.01022363021707,D,-123.71458546399923
107.51396036691344,100.96169893322764,102.40062653436523,130.86487056544377,124.77892705878875,C,-95.05111210934632
87.9872262016239,105.19445003442964,112.27035945460833,90.22301156427451,104.19318830549251,D,-79.49194995833552
94.16612500413447,81.91366749791183,79.5441486960319,77.60765133421978,90.16727628735906,A,-45.11907655897431
87.96586775541206,112.77184917554747,94.8524692515331,102.81772493822407,116.14245193274621,D,-63.24838268994172
137.04556369017877,66.7695987546208,66.62831852244821,64.63121268874298,80.52907600591062,B,-46.530324352516956
99.73005550524132,98.67840402705367,107.98446245210559,106.46335428369562,109.52715538712438,B,-63.119444321731535
78.84578142088199,75.77967600475087,112.94391879405482,97.04794827402662,110.10940318333253,A,-96.11500291580978
116.45089824206377,86.96327784395682,90.33627075401252,90.67926996263516,121.2041981499776,B,-72.5086716880315
75.58312700057955,100.94797342632828,131.47973526580066,68.10593865466409,155.19320077822155,B,-118.1522935689663
104.1772719000951,,75.48468673995318,110.27200213139433,107.84831934357534,C,-50.328343051274025
60.80659752240449,92.30888911540349,70.7125023958036,89.34598320676177,89.82072748585003,D,-43.4682774714728
73.43627902203139,120.1258561842888,104.48903637119945,76.60166328579425,99.48851375616012,A,-73.26901415042602
103.93722471738246,88.46216260953702,120.94196605224309,42.55475573436701,64.61848190221764,A,-34.48241262190852
114.76933159990821,116.71384224130284,133.67855382915738,99.44970189898727,86.10573737821883,A,-79.63951863442884
103.4273656237994,77.40586290684763,90.8223147426212,135.4450319333949,91.81435123773792,A,-84.14083185375333
,110.59608355830565,121.57361666862592,133.2251842909574,89.51823204130815,A,-82.49565887703442
93.97792608821422,128.83137241315802,99.22983060998585,90.85807486827457,103.04709744067443,B,-23.61359733081234
70.42956019265145,50.56710999745421,96.54745400118361,87.95575879276439,83.55160135235599,C,-98.23193440854214
85.60311583210583,84.06209489059046,117.67319874973344,109.37548512150047,122.42061334648943,A,-96.31420437532451
90.78722458080425,111.5414425436108,113.0464575682684,80.03229121623417,,C,-60.16660920484637
121.1424445243783,95.93909227914014,68.47215686031501,106.03583799638932,99.8139935772277,C,-50.3828310284494
106.87236579136923,107.42291746742617,129.53080699451792,115.32160556769381,93.44210566974164,B,-85.06002031647206
64.73919689274533,87.92029626568359,127.60182708294903,124.53866447768615,103.10381367717959,A,-118.90422621251898
106.4816793878959,101.731795749458,87.48874596980941,,116.5019652933527,B,-72.94966492282627
92.29835439167367,96.88645529215842,107.91607066874818,95.92652499646069,82.65739568578199,A,-64.23389008900689
86.46155999388083,123.35564123319614,109.88060372565478,82.44034826486877,86.83767021849486,B,-47.34946673897622
112.23352577681736,105.08841686602426,105.21347531647814,83.4623929192028,93.9254794244667,C,-50.4237662937387
120.61999044991902,106.75205324150404,88.9938969230916,95.47042216196947,73.0825815305357,A,-30.7270424381467
118.62560238232398,91.76246067755065,86.56753264123897,107.34731013632356,83.61484280557005,D,-58.66802217917815
83.21564953554723,90.24787551855013,99.48891858017109,118.27169252466499,90.47558252910682,C,-71.8089754613143
93.81575248297571,91.34883624360758,123.45458038518728,83.9364209863931,117.48778361425455,D,-104.62912298580997
106.62526862807128,107.88904284756593,110.87200309188864,129.85377137919045,105.2512265800385,C,-112.22921895413587
119.51090254244718,91.58031038359474,92.58771335827788,94.57752797914863,103.8717982273509,B,-61.76368976299327
90.4165152430942,105.79549713792827,115.43397421296689,99.57265411303128,117.01795924335944,A,-91.6564158131734
96.28682046672365,141.50801597290877,43.02914758739849,85.05576641704353,97.25256423201206,C,22.960537254326262
77.87330051987944,117.42249406863385,122.97531400744207,51.515194794541166,107.80929699857779,B,-45.34082352123664
76.07586751838659,93.47952935664318,65.20572442443802,117.680907927221,97.93556494135008,A,-32.97698380711048
116.25051644788397,124.02427844327889,92.75118117193736,114.73687794184866,105.30724698799257,A,-47.6592634753775
127.12480057141646,91.83849253956897,77.60660210747713,94.37344885763574,88.34482684776836,C,-48.85817951884018
98.55979756839332,59.23750929644292,74.10637048558189,101.33981434449744,51.22365683447142,A,-47.59559088220197
120.07065795784048,79.83827378165192,123.21653574757039,110.31878435408198,97.31441675627391,C,-103.67547797325487
107.23272050095268,62.58416157948289,90.64597597376218,68.74908286226915,128.4549627219988,A,-86.70929961763093
87.09760490789752,92.96973031917383,106.93007763461432,89.4189464530741,118.52430804483186,D,-93.70976710205954
107.22791211016828,100.36836758379103,99.06158842241632,115.88529359243654,119.30794969182341,B,-76.89044325354675
130.76073132931938,133.52874624550566,109.54081654446243,74.91421153661501,124.72261443612436,D,-53.80127265035938
99.28347921780097,106.53854747528325,101.53643782120511,105.87115864333259,101.77315181922874,C,-54.402619808649554
131.29287311628013,95.61798942382272,74.3401555162286,72.8683639075319,103.94631414811191,D,-40.40065720629001
47.60509791820511,116.58811162366979,119.9253363889428,109.32859964867053,87.646962091313,C,-73.1350436177374
116.43805008750448,55.7772938198423,,99.28717035405033,93.678542879459,A,-109.14904381086312
101.74094136476343,104.71229116217131,68.86836202680499,67.69736368188981,112.31542299542284,A,-24.171241630946728
94.01985299068265,115.41730387773933,91.43769678068175,123.29478708914343,124.07768874337633,C,-78.75522397315092
101.83521553071004,70.42827508440317,130.01519581268622,85.30816846403901,97.21107448638001,D,-106.14328866835662
60.248621707982146,122.87508086413858,117.00443484226986,83.79495125971238,90.99621470297177,A,-52.27361571188658
95.60656224324975,106.76992814988829,93.02695731184282,104.01138394461886,100.01055917713195,B,-60.217783711364206
107.14225143023492,91.69424172198397,93.01484591363142,122.9727469885743,112.0241349785823,A,-90.15134651890943
129.55788089483033,112.6556373221257,93.56729897565235,79.68356362043207,71.12290367732916,B,-18.540747987305075
89.63459563452705,145.41385715608791,141.53495967121682,101.23359699695943,54.07638093725524,D,-54.47841894473136
83.83012794213624,103.6373251011699,107.63870904463107,108.57633000661146,88.98926301016833,B,-75.72543846870396
89.96485912830927,104.96441172600672,108.60083294382139,113.86211214526288,75.58575148171683,B,-62.432486800353054
118.30804235404148,90.81278200919512,120.60566908063684,103.5288311055445,89.83719604705378,B,-69.89510740267804
106.57502219319369,83.00311261070416,104.77578318053027,92.65944321833355,97.04439362365056,B,-78.66528649006993
89.40479592465923,116.60671633088491,94.81915708358594,83.44819558702561,90.93503181953973,A,-41.67596618552175
110.26534866226712,82.87832348182266,96.07300301830044,101.7228776609275,129.0493506894149,B,-82.65140655158189
101.9415509869608,101.43132474438785,98.56797481171873,78.55721976028786,106.5348952920464,A,-59.80034494362225
119.37289981065778,90.44685106469767,99.25555526980317,41.57299033010786,106.00948719221657,B,-46.3871130063935
85.95893812245295,109.57959651492784,114.5525908727396,108.73119608315335,112.44414288086804,C,-73.43263126683428
93.44675706804463,106.67324210573896,101.03891771614599,118.07869682172391,77.22333764438461,D,-62.10335592126442
92.15783693735685,120.75079888515799,114.65280154431159,52.741351289163234,120.78223574840537,B,-92.12777348465815
70.72970103735763,89.79967202290506,98.38566839782835,79.80538590580124,98.4847142692908,C,-80.97673531565766
105.92240554129152,94.60250129413258,101.57270380632181,112.38308522010395,113.40961234482425,B,-70.09787526926942
105.22110544359779,80.42472568435386,60.035986309357845,141.149909394234,78.56285533919689,B,-50.99205146113387
100.10226913284922,91.11413479847776,118.32655349404963,100.41587415350816,68.92482467967872,B,-77.32449119563724
95.30825733249706,107.54600986089704,106.92976951795985,85.43994117541732,116.35779316050058,C,-59.67508096914727
71.69258515899172,115.13977233290704,119.96020219719304,96.3420711779032,107.52819052195034,D,-82.02659723665006
91.58709354469282,81.5566935164475,42.07489243612621,127.4975283829637,81.9589689128498,C,-55.76959106593483
93.14570966946461,117.3921184021132,141.76749409561455,87.0807164175093,82.60673837450611,D,-92.08569477086176
83.95445461556761,127.11275717609902,97.20820743689653,84.01615986699493,122.50869568829539,B,-48.81999646488232
96.77428576667981,108.26869806447402,122.16365633475033,90.34512955635935,76.21176214265344,A,-65.39543435605405
108.08101713629077,137.53591625116132,79.20188145748938,80.93342783482575,132.85345906511927,B,-13.743973902419011
137.7237180242106,84.52421601792854,112.2554781012514,102.4534063198959,81.98758530704262,D,-79.97205904224911
103.49155625663678,75.10690593377166,78.93168873652688,132.4935691693912,112.76783851216766,C,-88.53625094088947
105.15100781445528,64.42559502191443,87.5246207860839,106.46158546232058,93.4276304850203,B,-90.99250120900504
98.51108168467665,129.92088622978366,138.28062707733574,94.95292995747425,112.06374862164687,C,-85.728644699136
61.62457569401917,113.08731312708116,96.18635198473307,94.16377462168911,89.11771995771615,C,-73.80874562227376
99.46972249101566,98.8883065817909,104.34865746359446,68.73618382606686,96.74414187855412,C,-63.34462444147848
101.20460419882053,105.59937252639641,117.40135461377508,117.66219554294318,100.81838350791442,B,-83.93793187557735
149.26484224970574,77.49021905403247,109.91363775945209,98.44325605974396,79.95625088437055,C,-72.52871152951522
96.15278070437755,148.91503959233654,103.00837810287153,96.39040172818748,114.81648690840251,C,-16.80432310646353
106.03094684667225,102.58442363950455,107.2992200493245,163.86215135689721,89.73572867056829,B,-67.87635412725874
99.30576460589513,102.18789589209786,148.0683117047655,105.97505816731372,95.42800169319963,C,-113.21944369292538
76.62643924760935,114.51533247797384,98.8476240593283,84.96417899809632,80.11301250782975,B,-65.3713072330313
122.85645629030041,109.62018463473427,,91.47284807588913,48.75332682409379,D,-28.501173520537225
115.03866065373549,104.47768048558262,121.01308792015224,122.9689141839351,96.17944474799663,D,-79.8696102587989
115.82063894086093,84.19051089109377,122.11051865915968,102.26540821075528,148.2523084322583,D,-128.12297953814917
81.81225090410521,109.42936714271991,123.7406061112076,71.23444043365267,115.69208575796048,C,-90.09319948788537
128.05588621872198,137.6404899295007,112.77460444058369,118.38457869150407,99.6147924053121,A,-32.03367518713208
71.96297874415438,126.90840092309955,77.13990174539033,86.63711828922013,94.74218341583465,A,-28.483911658595172
111.73714187600541,131.86373253278794,132.6686306460219,137.4659555243509,100.44931785624092,C,-73.14659700365435
143.80911251619958,89.7756864713763,77.07309213962624,121.60096131429297,110.9423823035042,A,-67.8286728353317
80.18927349738624,80.20790359482838,106.05270930478066,91.05356208682498,76.3837436938231,B,-77.86857389773836
88.67404540794456,,84.91448299961284,125.62032723470226,122.28643389337745,A,-79.63449451867653
101.99302730175282,101.11449824577389,98.71723306814015,101.35711021054807,114.30762630882488,C,-79.04372144311426
89.93048691767602,121.88383036941897,106.5752482060696,117.05547350244439,114.36371451415869,C,-59.15592618805423
68.98673137867735,66.15070740570361,106.42714430900546,109.6946563458895,108.76951477619454,B,-127.71056908548061
101.37125949612054,130.59100638921228,108.4384150847057,83.07286690018253,100.3923331538798,D,-41.298562798448714
78.7539257254779,96.83984202842021,132.27422538117293,87.12900335365076,113.4572247193364,C,-107.55867711457688
109.47184861270364,91.4623786010516,109.0706860302796,120.59921635162323,111.83628267482756,B,-87.99373236359365
81.61151531532394,79.75791249479664,95.11686729418703,93.30449335786918,92.91918578117952,A,-80.61186964690069
130.9986881003508,66.90286656268461,119.28174336576714,91.92703073516006,88.52796454206198,A,-84.99337861611164
84.33493415327526,116.46341167923829,123.78940977849281,80.89754841301294,102.03712590523973,B,-81.71614537359551
93.55876967588648,101.46635934376808,75.44784369726015,108.47198131186923,130.98040302990375,B,-53.55903814562039
116.27034434739339,74.20078200517892,111.94800139699716,141.2504983848629,75.21785848692198,C,-95.39631200832987
75.3827136713209,74.09842455872769,114.02345484621796,78.64934171491454,70.64949468495121,A,-96.11626799043997
104.54919869208258,93.28430601419744,94.04872993280016,100.48438913345517,103.29521682473033,B,-61.27527467782135
126.14285508564856,133.38043050578784,127.51413626623238,,101.01775403712035,A,-60.68896850671569
67.85033530877544,94.8081729727279,96.99888825934947,98.40717217508569,103.46683328740816,B,-94.23384565511526
103.69267717064608,69.93714093763788,102.51152906943085,109.04743592499467,104.87906395817001,A,-94.10008521626506
105.19765588496847,95.08513871828112,96.5385635143226,78.75212943706241,95.5359549073039,D,-47.29231726945132
115.6364574355462,94.54552860504658,100.31158095162935,108.56614194415297,129.79726877204163,C,-73.07992275437219
75.26098578243835,46.06226714116857,78.07449826209597,96.25711469990902,67.98192043046969,A,-82.96493269667063
73.59086773831447,98.91410266964375,71.19898234811411,119.71459991359725,83.43005950439508,D,-46.5405558366386
110.43883131233795,95.38130939582643,131.89010126449944,123.74772103129501,97.93490479701906,A,-101.63647100410479
105.93969346466372,113.92412729626837,83.06077303363344,151.79127284037227,67.13622377691665,A,-26.547064476411588
105.00985700691753,136.9791218989069,80.17215301087386,111.59266346427151,96.48291191135857,D,-30.411662942298122
106.9289641899395,122.53130059095514,56.932197727925704,106.51592633164333,133.22940331456036,A,-35.051453413286886
86.39950556843019,94.62222618890338,87.22076504620995,103.88768603154672,100.41772976591923,A,-73.47875925020773
104.64507394322007,77.86948182516659,73.53820413185004,92.93667414378623,104.61401811437366,C,-75.47299115186915
105.86144946597362,151.4671960649972,132.8403032027274,106.76967686923382,74.7967046965484,D,-40.09918083021187
85.71297163947264,101.18436868028977,120.19634178685268,94.09197179721941,87.67277183921045,D,-62.18621435224611
137.31549022289514,100.27858583825892,86.23699309644553,103.36921952539228,92.49607239352126,B,-46.02444133407853
109.47665841823576,99.51749825779993,145.04871610688616,126.3519507121592,93.64569806487532,A,-117.74524173856138
76.17393005594703,103.9616952153571,119.63530973983188,79.86914869440717,125.63287590007538,C,-90.16252155965184
113.1310721726766,97.11279176152115,93.50337232982756,122.7975712225809,111.15382121450249,A,-68.25816224201228
80.50636659545357,88.52675986239527,50.01188570252854,126.34230134679731,77.77084086125936,A,-37.664095357564584
115.74169207484904,89.06282117519216,145.81885145181485,97.63862946017842,104.9300955686401,B,-98.28239144495845
123.17191158014808,99.34493459568003,72.20855066472808,57.56290201982811,109.9644349699357,A,-37.61618388665576
83.5863536329658,89.1315045773247,67.09202506086217,87.84356025811135,122.80298077042534,C,-61.83555797722252
119.26752258488644,85.74308434645671,120.45140864019281,125.93989093122218,131.61081373136747,C,-112.78030940050361
108.25561853872996,102.12860455383793,148.79504812678545,99.54263875402236,79.69811616344262,B,-90.29622668636414
116.4412031998898,94.90045565158289,127.68545637021036,80.01395535410178,83.78284977579324,A,-75.21504029522507
137.93585965307895,130.0798597716538,111.27818240104719,89.90450157543565,74.84844282170768,C,-40.95532206750659
95.09223767994258,,111.89508683330573,116.81240053009105,95.31960281786037,A,-57.60469065966814
84.9252767128502,121.83013703844924,117.06831117560615,110.9346713640276,109.32716748892669,A,-78.49455762627674
82.20971140748954,124.92170384995258,115.17857179573531,95.22135801660612,119.74669033178203,A,-71.56645474313216
83.68379430069123,58.53219535183701,105.62382847938751,92.66351176370625,98.48097952714954,B,-98.65270947490546
98.45796581171791,93.14624811839303,102.08402207903752,92.16483701912357,93.60304953490312,A,-75.0247439432857
106.82303949633288,92.57118268008418,98.74813744200955,81.55179631002994,103.03515984497481,C,-64.97426229379515
105.53381598660039,71.84976610564357,84.92070822266648,132.30751378938885,83.29714196739954,A,-84.45014449225668
116.54366498072048,84.4436662481825,94.38649846266452,93.5535906157732,141.79077443389548,C,-85.435047296718
100.26003783755814,77.78848309068343,66.1408637160923,124.34317041650993,67.84677945763883,A,-50.68657755691887
129.07068154314635,135.04540886847246,98.033207464105,130.42632103844903,103.69481157791449,C,-40.679514410193065
94.70686333524088,118.71356786294922,80.22817785698166,119.9662179629592,140.4721243845928,C,-74.49303057435922
154.40338333179238,125.43110189988317,77.92821365568457,91.36759374563903,100.13599689119995,A,-21.45782008289467
112.51334695530012,114.4334412808647,103.59788302306957,108.07460180673219,96.19921929997011,A,-70.34628976051653
82.85684887167434,77.41896457565542,127.84004572689199,99.51608787218167,92.85109154379145,C,-115.49579774769882
78.58215003877775,89.50959467440452,118.36633212004625,81.92596278539745,96.39216636475184,D,-113.46450870150338
109.64944830486371,109.78749122455837,68.58998792753646,106.48718563443207,127.45696949353061,B,-49.76483146504265
95.53074429348298,75.55744382216109,80.20743726859325,76.41920417680396,55.76276177340986,D,-45.66767434605184
114.28000988184183,114.25996860344776,118.81542375976431,123.75358776923127,130.66867402592652,D,-90.39686184065162
109.4647524914709,95.1934920368373,80.35025212923381,90.70765405403213,71.5208569509971,A,-34.16054567322204
98.54342174686255,92.50358384900805,95.50733700005951,104.02319311745678,94.66695341531171,B,-55.577037888128345
83.06412563863191,114.21919936406982,111.00104198049104,105.66575743092284,91.41511159402677,D,-40.679734927719984
69.70305550628271,108.8852662297208,80.6331109027273,94.82190052591845,111.7710653954144,A,-43.48207979512936
91.06970095865958,92.7806766836184,102.1075101229192,111.7338760295055,68.03751296232505,D,-68.93675613301062
117.12797588646944,123.18659606728497,73.3194901016359,90.50192686754951,109.24345332163885,D,-28.808582294097842
104.28187488260409,78.37873344800205,87.97264712097572,117.42594594914488,140.48619246573705,A,-90.48337343106621
75.08522442576023,112.31871213888527,106.39563868285074,73.08040639506503,72.73651990814379,A,-62.471346410511515
103.46361851702363,111.86202515936768,68.14012532936661,102.52759159092824,103.79412335220792,A,-36.0034188857518
107.70634759457674,93.80907121372019,108.80949475920798,138.7785799811657,86.76035644406782,B,-86.38955239510712
82.32285127597734,106.52266044484236,99.60724402146637,79.9933735078885,108.51774412386072,D,-57.31874740873923
103.07450211891056,74.97772847229393,111.04979908834295,86.44510058950297,100.38295554831504,A,-84.75981631958092
,118.48054038413802,104.47828268129322,110.2781569931783,87.1702618191138,C,-60.75205366199089
77.14059404338754,96.30195727114022,127.28280859947688,103.59163563879196,109.75744569742147,D,-108.4409599315648
107.15574720696567,89.54553958961921,102.50449005295815,107.01260198547118,136.08696219573486,C,-91.8060878880043
111.21569052736469,,91.41188917749494,109.78374260295327,96.18192416545402,B,-66.07684284842748
121.66102486350553,85.91312618914482,102.44595006064567,112.6944293712354,114.39515884296364,A,-74.67736801970617
121.07604104069806,71.83077407272881,110.86596058072776,122.19399683912447,74.13454084257673,C,-81.87474162496262
72.44661264085818,68.86741652952193,100.97720140651408,108.19637313857025,80.87127246363983,B,-90.03767605807522
81.24349920169755,112.12019902691279,100.81183382407765,,109.44812555760754,A,-63.50172280696106
110.3007053441732,74.39141295007434,85.96016624386489,113.45147402405462,129.6823205707193,C,-97.11140441772754
110.27571901824417,,86.74198164898104,137.9976386979043,107.1122669757132,C,-75.6739691161624
110.30095372612095,58.36141184232556,71.94789456400613,97.34732507234853,93.7388393895369,B,-73.92263347089727
177.05462981309444,133.92912736580075,134.9915348637388,80.50941390658717,99.98582810846708,A,-40.65385730825449
111.41781021386333,104.22034934405237,75.1227352921743,122.14161338573945,,A,-45.52599991219977
122.71131280361197,98.06573776259215,86.14189604408185,97.59237672092803,112.09030652710733,C,-61.17855893262329
119.08003526986406,89.10161826382101,85.63185468861604,56.546609079719275,117.64666124646818,C,-45.81034127673414
113.02782502611596,107.98272228704141,117.89848753888883,116.94843354300843,90.9581933433384,C,-75.7941376188706
93.69461510719309,99.24730595150304,94.10100643415944,89.29343628092154,90.59915704480997,A,-62.68372991329236
115.17938440986535,122.06603764033042,124.95484145347467,98.18933435391679,105.31756459304097,B,-66.79583330403611
84.54349570924856,102.28455297324079,86.53018751512263,106.63960661138029,91.2656052791881,B,-65.41365040275554
95.26362786519982,103.00603522923755,105.57988324447604,103.80999359558133,98.67734770748355,A,-87.96280618291063
90.29272904341794,92.72775575572288,83.29305893480486,114.1890363427808,141.99443578333032,D,-86.88240662317646
101.63748278772646,98.86108752557865,142.90298255546776,91.29027258860313,95.05948598508007,B,-104.85742058618837
146.29317133347018,106.15603537784118,76.24803161940974,110.26211596352165,92.83319695957556,C,-33.99435426455856
62.65469614816504,65.7966321468675,106.19641420454055,94.80906644832166,87.04916388729681,D,-109.05420214933025
113.72520380749027,73.03629155788573,112.67553761864197,114.77620961775006,114.88383942999873,D,-96.14500522166527
67.74568257620697,,108.27598194902997,112.30734968026107,96.37551653563794,B,-89.82017373288247
90.56136268421133,103.41730876255883,96.29424682244583,81.29122595910809,87.01253923357149,D,-54.85157461278259
121.77901193934733,96.32033327294641,97.40358600533148,121.71964232350064,126.42608064546025,D,-79.62297924674004
101.28560038190926,100.36867866130787,100.87622943958219,89.28073109771904,128.39206009027274,B,-91.62962298497956
78.44510444141387,,97.05995996743023,116.1611559656229,87.9915286852259,B,-82.89085787652797
85.69392581480064,89.20480639381277,119.27758233589819,107.34574626802682,62.66920097278768,D,-74.91757675544656
113.59195497869352,84.43390549195375,144.21046003182704,136.76367353590246,120.15027379673845,C,-140.4306081939048
85.39266736565727,103.91690510195363,88.85016429984333,95.53068035256295,86.30740348479992,A,-58.52491020016635
104.3291717916395,80.43254444769936,72.60394040841845,93.01366407763605,115.81251198325538,D,-57.88454011080448
100.91143679807628,108.16505511428943,98.23435903297491,99.61160788224535,60.59792364576329,D,-47.08661033988146
86.96799304788365,65.9483279152432,151.59418675308638,93.93640434331449,117.85194676598618,C,-149.91580655550638
142.8788817865065,120.58311274651288,83.92650864060539,115.998838038841,75.77656141438437,D,-29.695882852977252
112.67838044636022,109.45194964826086,132.78233610888134,67.67378783126824,114.61528238133049,D,-77.7367247423207
59.49714826684786,105.12059468627751,133.55401628152882,78.92635161707292,100.28546135672869,A,-80.27025021153425
103.72908629538856,119.65381967891028,88.9282351658401,78.64394156841614,80.92121161206711,A,-43.21248679952931
86.76427070463224,133.30948888925153,111.37966158370551,119.00615183947151,91.85927374146439,A,-54.71824354410617
117.04866669592448,120.2874013003626,132.56793246257075,134.2122674516385,113.72636913913402,B,-84.57242126563254
84.14958523134598,63.182515373367096,92.41744518025025,97.91101562925057,102.11788906230468,B,-97.75404632638794
97.70527117066202,74.40846066528597,95.92839279795277,96.62356553619979,111.68825960944969,A,-100.2752076664049
110.09974557960915,87.50362844608642,88.36638172102712,101.40104326226363,139.5288116903097,A,-80.89630411210354
117.31510388340243,100.52182100421668,79.70486538614267,123.23756605216381,68.71516776577897,B,-27.6542609223033
75.99407185888447,110.35318040938246,87.01444909867986,81.45293731618852,132.3442514993725,C,-54.57330972948586
93.30997528318103,85.48512373693069,75.52119466475487,104.7673796546957,102.08711875046426,D,-58.34015903190379
90.50109377678088,103.73533528954157,100.68166936518452,119.5039525956486,82.02431903353744,D,-63.42531984777758
86.93341534852576,84.89234135293356,84.60053537882716,110.0218833987969,73.39372748522021,A,-67.89843048021822
135.30908480562192,87.76964394016103,104.67571823581495,103.79163233197487,96.21759218445933,C,-63.220884409542116
108.09963421921911,71.86677806303555,68.88208707592746,120.02092185134282,118.4330022384892,B,-68.99456729124731
74.78232091329909,81.53533507778192,106.61760464428914,45.93535414001526,97.44901759244931,A,-84.69919160761523
118.35723894109552,72.96630788767332,116.6705792321785,113.55750639061816,130.22309860494695,C,-114.26057653283677
142.44312394025266,80.48253494045335,60.12528714857089,86.91848633745153,70.97648619896881,C,-13.473610188208324
120.64930521102293,121.07283593215679,107.48113139695144,63.387342062870864,99.7582210430789,C,-30.7514785222912
69.61260068091974,81.01202222336114,124.55337984946584,110.22405199049962,74.95213111173761,B,-101.193489461287
90.31531854267497,152.64764129674782,75.8071796261759,127.47317090325916,107.27263765249936,B,-29.072237459841396
125.33822298373245,109.86635801761778,133.45144773675406,97.25102970744616,117.737747801946,D,-94.70585173077392
85.84661068762438,103.69672247389748,108.38038018732091,119.05749094405877,91.58476412637893,D,-86.72318559992218
108.87638856292457,82.83284439637573,85.89976288483183,132.24556515977292,47.91572286745732,C,-51.79461910140325
115.49268106858673,114.00619758817983,,126.29828907168095,103.97896293592989,C,-67.80047527832396
81.46139056843833,88.48724347524453,111.16653825043444,132.79929058742786,108.73477103467019,B,-83.77187328791975
,102.44019629290723,101.52010782824823,114.84254982143784,108.08589509923395,D,-66.530360120404
35.17465319861854,151.2016907653759,110.77511984892739,101.50867277803185,124.71564383644308,C,-54.03314724748785
79.51224717331421,98.078802005507,81.58652813841267,67.96068376205663,78.57892640701903,D,-31.390122095814814
94.9486369721368,122.98546652571352,103.38721648072156,95.07875023740102,113.60432210900899,D,-61.867360755310266
75.04433636070301,85.93647149748224,71.7257100619004,83.13506809367617,123.8501502495595,C,-69.0236979256454
132.64822607863272,99.30023019006076,97.775478773026,143.4188543499563,64.42824831986967,B,-56.85261451871033
71.39717244078734,135.4160127127102,81.92184717070421,96.48228375135326,106.39303651837955,C,-30.70232642873564
91.19911026606033,87.46065884424465,85.28940114820466,102.46409613568972,89.91640337984657,C,-58.36644441129132
102.61481154572182,136.24897115993858,124.72186350420876,111.02970752080935,98.36954653796708,D,-61.7247969735979
128.82546578132232,114.1550387091095,121.82620241188538,100.87204892744907,106.95352967076673,C,-74.42409121653638
71.2827569764112,88.75066448211464,112.18276241814354,133.90102080861504,90.25542871772896,B,-105.21354910365135
123.26327504309918,112.64815478111042,78.15374470654842,87.54701276531097,86.48583841676776,C,-36.28624412628331
100.20466122039174,119.4510889925346,93.67183100610396,103.89214910474486,100.6830483497605,B,-35.21896724738433
80.36982697904098,112.43619924434392,124.26195399958367,85.15058828603904,78.25508122274394,B,-44.19695250029357
109.24206948526542,68.59550560219087,102.83433827279809,73.59954977558588,78.28349742229629,D,-60.10943812443971
103.9811939114694,85.45725648350263,146.3865907996339,87.76461818189429,113.58746565913006,A,-131.92938608706976
87.9956624568241,95.0496272889699,107.86635678788744,99.25926405903176,77.02411929682688,A,-60.61726567140511
101.39604169980038,98.51133141799907,103.84098232980062,91.4139555096548,113.32625001818424,D,-64.69375162472139
92.2937280627648,112.41344195101357,93.81767071594997,86.15158040252288,109.25182585707903,C,-57.860155606966515
102.27034690502497,103.55402001866507,102.67081809564564,71.87365072656333,65.48386542418807,D,-34.204668104717975
113.24261349042094,73.29311282579798,96.95060327238912,98.3378885474261,86.4487069532869,B,-79.58023371282322
,107.60395702011927,114.1621735337718,69.90559251937995,123.88218806094744,A,-59.54456374777745
75.24369002346302,112.21171490567646,119.13404633589168,115.20111927379205,80.37668937720636,D,-70.85737129661376
142.66066749312535,111.1958089586208,84.28021078984101,101.64879505869007,90.71191475381225,C,-40.288708531682545
60.958244009549965,121.61561451109243,73.37534092884444,70.8489700107014,109.24121786503792,D,-24.672418280201732
96.96429809928833,116.67844309097808,63.27589253793407,93.81581845900273,115.66781018565192,A,-18.903461222703093
111.76634412969153,109.18360158456873,110.15982653825087,84.95687188818833,94.96922227911008,D,-56.09853956570342
105.61983735470065,98.59668577082707,77.93266787652253,106.3834902083836,88.04979610616716,D,-39.6061665602659
87.54600960358812,66.78078132968017,56.94218814095034,126.80900892046289,128.44739723397015,A,-83.76533944936163
95.83755499285449,108.59236438265171,107.77157209061929,62.49655060708511,134.7779932759516,B,-83.96704231250033
90.13998130682334,104.15375374326223,149.8599903486558,102.30052158294835,119.57716101563591,B,-120.2082669529803
88.21270486111577,105.43157674390747,99.87858176920213,96.79734408866719,101.70636285130048,A,-59.919584744110935
116.99204194042049,74.46502848359381,116.76981548903284,113.42680152900931,83.83468556718148,D,-95.00820987011579
107.14030971930094,78.37886919183475,101.6365871709513,104.26393256475379,83.39111186886869,A,-68.82880575690712
86.14180809478691,121.06305706665808,98.02220693617714,84.96061336522362,110.45028210531515,B,-56.110905565972104
117.99199750866501,99.2088969228669,118.38152965975537,93.61892128666764,108.36796441777368,C,-84.3529468312256
106.14599041753219,113.63001394745248,,84.07948286393022,128.03197185892859,D,-57.28781783210901
116.2572423767792,100.56636752260923,105.34784628143805,121.52014277197196,113.00900185072278,B,-78.98793146093753
112.59257683847224,100.59512278991491,106.43395612392027,100.42623297343884,69.93839396480364,D,-58.23946125113707
83.42009978155855,118.76567611951995,86.63819092713902,138.02381371506016,121.03895235445837,A,-57.958775032156524
88.79637919606061,89.67910543565252,119.84084699073045,98.78678372370759,80.03878745371173,C,-90.85629415539435
114.94587210246523,101.92241553881966,96.50080486609183,85.83186466179075,92.32057456095296,A,-57.772226767918255
112.2074053086693,90.75449422589915,84.88509681014311,69.72571214774345,105.00400412503389,C,-79.33989183516482
99.58196812071704,91.31007545135368,110.73019687140807,63.9372064748811,139.9133497956793,D,-96.4378105036327
102.34654766617564,93.81655753062721,82.03064036417925,68.31728113989021,162.19837112010723,D,-63.72403562793963
125.5532979157685,104.44267543267426,100.56362314738257,105.34253302022967,112.13446118272365,A,-86.8149914864684
88.1685722232834,90.42502756673045,99.81762006711593,,96.33606762559225,C,-84.93505597779804
110.94194762340075,125.11512251147042,121.71791131663156,68.37618595935733,110.69011296961101,C,-53.420425365412434
95.95614695132213,82.10785395560993,109.49396465759905,117.90076628152231,117.75310851747672,D,-127.45130841850585
95.6463759354556,96.26256711677281,99.49946082509712,90.3387789663312,93.58664748885617,A,-69.16050345069822
121.9755370397438,91.2053788345165,116.35532598400574,102.93586023971099,135.90422711824644,C,-90.35402870113886
116.5083269797606,128.93955768707465,127.80415098034626,132.2444125651085,104.60141518382804,D,-56.76651565400243
116.27019272001277,103.93109553023149,111.15620612703725,117.93678631731063,109.95486178182789,B,-77.80558131691149
126.10957614308658,120.6368907893727,100.20705239686761,94.62938704188335,113.31848504108923,A,-59.19058852233639
100.42007683265518,70.28879253926056,73.7632753529968,82.17615549169426,108.43173221228912,B,-75.97338683931599
,105.34100531738518,78.69772673849255,56.9636919734139,116.77881000939225,A,-37.320923078241144
93.79466486813088,117.79261591246873,93.89550591290664,85.6169336151516,87.65493626906154,D,-35.46249200987491
106.48332704976885,101.64567978550848,87.80975595681434,95.7773952234461,88.83396492107939,C,-28.36227012095383
97.39713891264631,121.30960750130703,96.26057394029108,80.25640945697631,77.9969153405661,C,-20.296785466009418
101.93991929985437,89.65423099799256,101.13299849794214,97.3748606581539,108.79002461240452,C,-78.36818725156205
111.90314050873828,128.1869488037116,110.59385508713461,101.53703765917537,115.57873007024229,A,-62.83219025548322
83.63558633533054,145.977962472385,98.59002443881818,95.50288036383843,109.15545732303772,D,-6.45099664533873
141.8477455137092,92.74322879120682,109.73003287652404,86.9999483835308,133.48984866695076,B,-77.55092496798825
79.87965237000596,91.08994957198456,101.2894882962024,103.37309343933455,99.88807962341907,D,-87.50044065618967
75.71622774424536,129.067689542354,60.490668672922574,108.83881299138818,113.37483311185025,B,-28.457242849047
123.16221747000135,131.59144291461425,81.21329212362491,78.19201845114307,78.16598247721372,A,-11.51455225442803
115.83325387925872,89.54279945693463,97.1182488855677,128.21864759492541,92.25800595051199,A,-98.8850648509632
112.4823963410431,91.59626365808285,,98.02823735431477,113.91075515131556,B,-75.92469255230066
112.5669101852856,94.36430782278985,111.9985745999241,100.37699245889695,116.98204221486287,B,-69.55024754687895
99.7550645430617,73.11098977931445,130.61501664687395,114.16428846513114,94.12066104671635,B,-132.1392089417528
82.05491257028336,81.62696107031604,124.37523703394633,104.66432262527003,98.56801496283866,D,-106.41756409350282
101.51609116387452,79.91718466495864,95.73114258139584,119.0627326782649,69.64252506638381,B,-77.09230630974517
86.45676576975777,84.64404869791743,129.81452273699904,105.74248330403648,92.85941598386782,A,-100.45360771188055
119.50239466835502,99.30630225226437,102.97334914404223,87.75125250719124,117.80766327039572,A,-72.17072071859803
97.05885236995722,104.68429465073041,93.25828057763921,107.23007050412204,111.50410032213132,C,-80.1925698295521
83.49005606414977,131.01000985628153,87.7319467291812,77.12547585358676,110.0133144276242,B,-43.25795817818876
93.57228316694014,80.03291918522419,93.95060627023743,102.17119411553047,100.9954737436192,D,-88.62564192304353
108.25862908551248,119.68644796953167,92.23646362917543,99.33540018711078,100.14126317256353,D,-29.557127536081214
88.7255089439205,95.72022311548982,103.40832444750976,95.83766285454921,86.79357721053105,D,-54.865442034450965
83.55559208867137,99.01072580695134,103.2114796209973,97.42924977122138,113.9765684040507,C,-83.56951367214648
104.87374422983825,113.49638984333208,100.0609204030683,62.36301909004722,108.4194588877878,A,-34.61474101936297
104.89933142217446,77.54555956875403,,89.02550184518077,109.84037695985599,D,-88.45489915435253
89.8611364925774,107.64819492368102,123.81292549572683,101.85689802282229,89.47930314664839,A,-82.02538130358117
90.57923388763355,103.32904416426112,118.99108270882647,103.19712783994801,56.93314160257511,C,-61.41848009112219
104.64099874715272,109.84902528016298,70.30204063100193,79.44649718148084,121.94305423507392,B,-34.46682699652993
71.03831317005351,105.78337287815636,48.9215773019609,125.31415681729402,90.42325087983191,B,-35.3807096139542
71.8507245124689,149.1060027982179,118.68639822478548,82.67650303570998,82.74448471913759,B,-35.925561897539325
85.63111557495128,87.24520031497369,,119.38914401053474,113.86957823827987,D,-87.94510581476689
95.73105696576306,89.38006089996365,95.50469196214632,108.5438872374337,92.1597472016174,B,-70.21258588463766
106.2181513119601,87.53718947150472,76.59773947881281,87.07545380312393,121.19872768093244,D,-61.55035036400767
129.50712433899105,88.8904576167949,63.9603912483996,135.50621785219025,112.34011899153396,C,-51.909122462326884
117.15319246404039,87.25225745386965,110.82925456409576,76.1272633648704,113.67138646400954,C,-74.38734562942805
96.80122940073146,123.78033062215104,115.18310320605293,118.38308347220003,72.68088577598931,D,-54.99207948104582
,128.4100849597971,88.4697919854656,120.01164636085957,124.23887970772802,A,-58.71592847943966
79.94941270724382,88.58507412501048,48.179154157101806,86.58759581846711,105.22501062467713,B,-33.12292059805674
99.6297372801522,83.35288853791542,89.07511103495034,127.84930600128658,,B,-96.24339986355359
94.22682722159723,109.42831112772808,107.83608010805094,94.99906970802094,102.86776934684502,B,-69.42149637296328
106.45437120676179,88.95553911438057,70.42176862451743,105.77387258559715,64.4752953420336,D,-58.088846068298004
83.45538112895355,112.65863635511022,103.66719839558311,105.20643677542441,108.17305622961342,C,-86.61657171996949
110.38693028482345,104.058460417026,99.69380301654009,97.31382517058904,79.41256983635857,B,-68.20746065529275
130.65477826005156,69.68511770005536,111.58582999202177,116.21616546319564,72.94659428312931,C,-74.970763078035
97.82479703086285,130.95010402660122,102.39160736828306,115.86977441104426,69.55281627564219,B,-35.15921354584938
108.03423444197882,135.91755346191044,80.53862118236889,65.02936053523638,122.2537674997985,B,-32.60415364650042
113.80287983422225,87.74422619031228,123.93143003328983,126.08680485756305,87.41473212614423,D,-91.24319654188022
91.97559056228327,92.24596880128031,96.8294085394606,66.75016023928652,130.67455419833,A,-66.60418908760964
104.48184963620834,105.7173078144981,99.45390920980137,120.65092408683314,89.28397073895404,D,-57.57016941287417
100.2518480156359,106.6891357997405,81.33464081853609,122.53410273655166,65.85284084814106,B,-38.31903361978159
101.95352197097664,113.1708854534566,91.13435497616979,78.18067139569604,77.66951120102682,B,-27.838074496469105
84.53980432289067,140.204090775327,82.30394571946198,91.78371424090831,124.71623240013878,A,-24.75915041795879
100.49020348517885,96.461055450119,96.54107880153154,77.88590663028128,96.88203644126665,C,-62.435564658983154
109.95996582490899,84.03405510923092,134.23416960284686,95.70157939422529,89.03425407018798,C,-98.86998635725759
129.02287215590084,72.41361543970946,72.56197714137286,93.83931431628517,103.20036451705576,B,-61.02431044027877
119.18541652170414,85.38139920116161,67.72877204246518,,110.0356547233509,C,-68.26007407717799
143.06364915023113,99.33746054252406,129.42340654987217,126.20617492239217,122.34797631804922,B,-93.44249994594014
84.65304874223901,135.89115727035576,95.81352645696268,127.91367621579911,128.9699845978585,A,-42.30553493580608
117.44641273441357,89.64777401927657,86.61854522680167,88.75663946843396,92.80462708421828,A,-61.20741328983527
103.66684011476704,104.47575903277797,120.79809374792153,95.81556252510944,73.47904627835923,B,-55.821955863520984
143.79605866435344,99.67154207854496,87.88768920526272,66.331236155581,91.73069677753448,A,-39.932640258056225
83.83403429289697,123.76786546896167,136.52019427093873,83.88259867007622,105.20561013165772,D,-78.70577725731471
83.20556315638447,150.53864851747244,113.55851742678539,119.29703266194915,80.72482147578778,D,-24.38504106729677
88.01214709111956,89.38262454159359,90.24177183708595,132.31165647096464,80.85698170209915,A,-76.39013640684153
57.52208551380386,90.21121114963556,143.14616426531006,75.31302256240156,106.87575763099771,B,-116.07265689753034
89.48489956638478,120.88321754138144,87.88570153993324,88.15071481694211,99.02695296859098,B,-56.36522142250213
84.81734676892604,113.63782979252623,,99.47188486082146,100.65593990823173,A,-68.54263846138942
103.00787572952416,136.93414651472068,105.98585160812983,105.60322317639213,84.83009330599862,C,-55.72588843646744
106.83511951554318,111.67856370651927,126.03482578797596,83.80792960156708,95.39198571588466,D,-66.16182158774107
137.52341678431773,92.81415818425882,131.23022393453707,108.48122088928179,81.51533711463391,C,-75.6533626314398
119.008476763721,111.81309661384618,100.64008298131533,90.52321305858167,117.80396822249574,B,-61.928997125645225
88.46192688675194,122.17407161165815,84.93164259307633,99.71095458243441,120.70498669447505,B,-47.04541440904532
82.03170657303284,116.40964362394729,109.19944285878233,110.925684960074,63.07624275523813,C,-54.39116529351109
109.83838343013011,110.14548062214595,86.44569260495788,100.12844539621875,81.4097827961518,A,-28.680299271642717
73.59533585958715,121.33349379178307,140.26774495053246,91.27228218946863,70.06941489819842,C,-70.96328597022807
136.62917531708706,123.38591180891345,102.73070662165475,97.80780392148338,86.99952131186204,C,-55.167785764865144
123.58880241442574,127.64317982075055,92.69356897375782,98.2327408158933,98.33124060419279,D,-22.945492054161306
90.6164869579059,112.97419775179286,103.69360611729817,92.59977940235744,71.0070956060294,D,-48.9152806828556
65.73730941818245,96.65763839366291,73.05747420940607,94.82407874665795,81.56280373749374,C,-56.47614760244585
127.07744748330825,102.93427372866645,80.56771922978697,131.97294341009433,79.92085255837003,C,-47.253379363952675
97.70920309494764,124.13017933016714,124.00827815888852,111.21838895882478,104.14534658797888,B,-93.75857853184714
124.75632623946923,83.66128658025528,86.86211442057208,94.09039363941679,101.386886740725,D,-74.32293015873519
68.11144682411266,107.37346617745803,79.0617803463612,113.93908809021471,85.56524893325494,D,-46.92709069357622
88.01249954092454,92.13322375345278,110.73305505054572,93.3236102048798,103.53641744278796,B,-82.26124741760572
100.10487399436366,100.57489645869634,123.71408309325994,123.46249275173282,89.06639830825469,A,-85.91587098509656
100.93961187529484,125.56903725214598,114.37906621330134,107.39284384396188,94.56689779347893,D,-58.605905941023046
90.99869057041512,103.82198136039807,119.92095371611633,97.85395711991542,133.46904180597073,D,-105.94216111619525
112.45699864694997,100.92873096312297,84.86409822861079,108.95433851620555,126.80922103580696,A,-67.77225025042304
78.6475914123481,72.80287718040162,71.56378666516312,68.58247695863001,74.00837526144805,D,-49.97647646019897
97.15241029957413,114.92507132054442,130.02667303910974,77.4646506218039,116.5946483575835,D,-98.2733982127479
102.40591263423798,112.9096836228215,93.54640322315728,76.12149987201889,116.22793108983184,A,-58.73618941958482
110.28877668117498,143.2650944661092,94.98333967089906,102.85886189527413,77.03473422494764,A,-7.006261446139716
114.2322975617778,93.84443530093998,126.56388283698115,134.65029998970184,116.37555287509721,C,-95.07830629237786
77.50715816324262,104.38300655327878,111.1246001880132,,130.75863836825107,B,-87.24650859575102
69.31771658528756,104.9876736742151,109.11775544163216,112.76102202881515,77.54910387511173,B,-55.41172921217536
125.55353643797018,131.5490655952695,143.30004689802166,110.01688949888914,81.64994357971473,A,-66.21131780376476
106.64628023959183,98.09408935226095,87.12963539239715,63.97884531694522,120.35322933687004,A,-36.809346905473575
85.03026926886892,105.58043051540679,118.55680256162475,89.14652400531956,,D,-57.41235078613998
131.02303951045047,112.15793019433079,101.14026249794169,84.24432496183522,111.02952550479047,C,-68.91311424103577
102.31349268585717,103.73218246312716,105.37184557726513,87.58304803497768,106.81178432800994,C,-65.12352575798671
123.58594368127653,91.07132770898943,130.56936852825064,,107.81391841856288,A,-97.62787547773524
101.35036962820217,103.88179985796616,110.15671512579247,90.55818844605746,73.47055743377834,D,-59.936339276184434
141.21495849763974,121.47263499719544,110.76592158099265,60.414003792484245,120.94635413242897,D,-42.05951816073383
135.10681684886407,79.4696940117788,121.45014674619604,114.95820512235068,123.39179984855548,B,-109.61632400388076
95.02071703041852,102.65939348293752,92.70094540914229,78.54513948520386,95.41218511863944,B,-57.73150360247503
119.43141901908712,85.99758370121654,83.21580665321987,104.78493728222298,99.13046100372276,D,-60.88336149498404
112.90751899170294,123.90093257849685,79.10381611957934,141.48165339499946,69.37784994888555,B,-14.2797150261149
127.37263115064698,69.5362619043245,60.67286821247996,81.61230816827154,110.2850951203567,A,-48.675759634558794
80.70153078839792,88.82156305456823,141.12414259880643,49.39424954507341,111.44114883428288,D,-97.2682819824263
113.72102919996878,107.54423750129041,77.93583268556634,94.27991556239779,98.75617966001379,B,-39.59213245250829
121.16848973699176,131.31048058468681,95.57492752828456,122.01919269997143,122.48706719741006,C,-48.13308333265049
64.82521027153771,98.68499477854024,94.46373400222159,139.16694908441187,,D,-96.69988752369485
76.3348297466845,88.89600946613604,106.14813395618202,75.40900811095166,,D,-82.93894048198757
59.21535644479799,137.6231413888118,116.31474425078594,109.93398446473043,79.6067132261577,C,-54.71706673023923
94.61186331110885,71.03972199167512,117.2094697671949,90.69379086439893,99.52895698251524,A,-114.88876451383497
114.35084511591924,56.023880867598365,88.33845122862124,97.88103291391728,96.51291484194329,C,-94.2750838888438
130.04714104192055,108.80028900106664,96.65756572427178,152.8868669403407,,D,-65.0895073007605
101.4818956083955,89.95891551294778,105.65159900976599,69.94059343209693,92.60946142333283,A,-64.16153682444839
132.57231091142583,79.57534365738573,95.02617747632905,105.07479322989147,97.37054808656664,B,-63.75065368835318
72.39797083570217,114.16712894598706,132.14691152039984,109.35386343530867,116.52094342883012,B,-106.8180790961824
65.9323512128969,104.87601427542398,109.81949903276502,121.71572649878695,91.26471525523564,B,-81.65996613722068
98.88904602206762,88.71842738526543,114.69755572099635,101.95966306941791,67.86845798522641,D,-79.74210853337013
107.68130897878615,74.39391202658211,113.25762537334825,106.16101079008205,134.9916780841084,C,-109.19137450222729
99.34610503811814,117.44914656560289,123.4694771497065,92.16702865156418,127.62908157380973,A,-72.62538995539666
58.65115799920247,113.00402355917322,103.62043117407414,105.38253882490214,74.15474609788762,B,-53.32890876056812
98.21759920974424,98.01648272441234,74.06336104088307,93.1361544900518,113.79415610490389,A,-41.158821448011985
73.91060998990294,136.9327399209533,107.99375903505283,112.43143779712102,89.94050458897314,D,-49.576479779162035
113.39345097660077,78.59830467347695,86.97286212416341,92.60779327912732,105.26974430662119,B,-61.891001026951216
107.33196492193696,69.48949658150522,89.42766636500487,107.54200787804373,105.88448258026988,D,-85.15924989249044
81.2024042734529,86.16183860237511,111.72728037510187,99.41474372630043,95.31184399367356,C,-99.78158289409924
89.72266165326613,99.08827967289004,124.76566142867271,122.52100501544336,84.32468668827207,D,-88.23819747466098
78.81572956222097,104.86678898645384,100.42543153472123,98.97212552823028,86.18917895367481,D,-71.08273238099463
98.74641805453656,95.1752788428734,106.17666025197927,64.53935063586238,81.67616169037515,C,-31.712320994012266
119.10284641002477,107.04110793028593,134.04429889270477,125.23843001427983,83.36355583539111,A,-89.33041927218001
80.28547907328912,74.96921151619112,104.81506358977137,81.88535398274762,98.65643419901289,C,-82.00800045465773
110.08093031035689,128.8752920814652,152.0336622836079,86.9246732270236,85.68480021778497,C,-74.41365989124549
89.39484763255118,98.35697643214863,111.31019291263088,88.08677411913015,113.64104131425239,D,-95.4650394812362
84.14254335475312,122.34591663176255,64.78474481688365,,129.74492310671855,A,-57.56213501825151
97.85939280090885,106.85450692755408,115.06683242209066,57.28651572042609,88.39893517259914,B,-47.07300676326832
79.29515355161251,109.13506438307567,107.62316769765556,162.75497067319986,104.78809001070753,C,-79.17473594250933
88.92701389305635,111.39534560464408,125.79505508165491,121.12113618132103,109.99370220605867,A,-101.89191374291039
76.04244214822303,108.9541712003463,113.46362702539916,104.4647782825832,109.4400454183855,C,-99.67384405995665
139.2945026583278,112.85445519735087,97.23088032032453,98.90211998767427,101.51910535832175,C,-49.26359268742855
100.70527103943458,126.58305060264863,75.51403527421269,105.71108149715315,114.85364836719445,C,-44.15766511245383
86.00548984014829,103.9304233940294,95.8195348542795,110.42244856758677,109.64497905361314,C,-78.52025857137693
104.27959821468444,114.18007515177024,82.989590915814,112.90431171900114,75.24675155345405,D,-26.39324300066336
97.7534390061834,98.20528611425547,88.38953100390555,111.11208932006897,117.38312128778546,A,-72.19252383765628
95.58060800933553,128.80234430898946,111.7715680884122,101.79161362510497,117.74581674533485,A,-73.19955757437171
112.2833340008685,86.4721539588146,133.39809008702812,96.05323159385348,84.73427791642837,A,-88.0874415978445
115.1501542009461,136.0188086582163,107.89343059645962,96.97453432692977,100.75875670895203,C,-34.640882678629886
89.38997704778944,99.19684098711313,76.0823387592963,96.10183439294639,113.66657985622139,D,-58.87651358828929
88.4836351871064,71.38449795763904,108.89205336440281,122.67540193734129,95.81372360841277,C,-103.81439057532636
94.49896605696712,102.56208829821578,123.93262973291303,111.87113444561723,121.45956095532023,C,-96.07101819120948
53.9615767052883,86.37896685050238,87.80434191361236,41.19222730671439,147.2774498923872,A,-77.64963586229065
69.69617875602896,116.81287097977449,,113.11801553059522,84.28027934730035,C,-58.83577504402404
127.3374853488905,86.94752041395218,100.29376389458395,103.8947238943755,72.3791079369245,B,-44.3593721443369
132.89935427002567,91.07633133570441,84.30203373835519,99.62582487108205,106.07637191209751,C,-50.38735689561293
95.01927920887243,62.209185381089384,112.96560867687718,92.22963093822229,114.43125010252287,B,-117.91538694388126
111.53113926111533,90.95387361501847,97.58103702784437,122.48225439972026,95.38267252310462,C,-79.18700362614751
106.22500309087073,51.52241346742087,108.39064887814055,118.95052924245715,129.0652132664207,D,-137.3596074718661
161.57761616910477,68.32194353028554,82.25015644395799,84.54244664352782,73.22788400553503,D,-37.81973545554635
122.39149822869153,115.20829312288595,91.25083399353178,108.1410457424907,113.85837246063222,A,-58.55915777084907
97.44164817038467,115.71600317301665,114.44762715655543,80.56686530917428,87.88278358482214,C,-59.04312344358404
80.88919118799149,108.50915123569929,92.54333695816466,72.40763670422139,134.38755812414593,B,-55.85402900021163
67.87107359484855,80.66047713741574,134.5392770246681,87.4656555082007,139.85030706336238,B,-132.59275258062067
104.06927271734446,,92.00727628770795,117.24786944765518,84.66686824433305,C,-44.967772207139575
,99.92794921818863,104.49369451503772,119.06250090752174,89.0088572818284,B,-63.797675777577396
71.55492580804652,76.83270621614915,118.65181663746179,110.26170840194587,117.19175773959604,D,-131.34972377701357
87.06854231514947,130.067966035343,71.63268534133937,114.50191573695994,92.2573870042097,B,-24.521460556517223
78.3690399277121,117.54724581151342,64.78382376038448,110.32356574229917,99.09177564135524,A,-21.67656081626316
133.74283270145128,95.58071652340672,69.4868737085981,87.17036809554095,100.5077684108482,D,-45.206238565358284
117.63279513898901,100.53771677989062,125.25168206854364,108.63845089347882,61.606536876046874,D,-63.25723108809622
99.84054717366766,104.16765615895105,88.96283708215107,116.00819050455365,99.72324507811526,D,-60.17066531117442
129.59888277780053,59.16530263151419,151.16398571336504,115.08582659627149,86.20544451871652,C,-151.13831672077706
101.54736615295236,95.05645234958806,88.71504802685223,123.77826742949286,90.13754355200456,C,-62.935684626787356
82.77431597343472,86.36031504004403,103.69102606394074,114.16607694402127,128.87264006937627,D,-112.50250914688064
130.46248154539313,79.96759980210169,130.8421990513575,107.02896415083165,74.86986211441487,C,-103.18334134018764
110.77820087369318,94.3779941422809,140.12185776318245,121.40300476632855,116.26410373495955,B,-118.1320014123322
79.25507691347087,135.95373053699046,141.23007153272795,99.4695748150188,94.42074139336383,C,-94.63652523885429
96.19322643832784,112.8168572253402,124.16732461186285,82.36250697544564,94.40479663008331,C,-76.18039250931973
82.48763493230486,88.57642020434406,120.48125051622925,96.73866072112472,115.80743792103422,D,-78.62134730745765
72.34400538071327,111.45165562712317,111.85053898402366,85.10194710387103,106.8010258913778,A,-66.255351427524
